"evt","SOA","Latency","Offset","evt_num","evt_fin","note"
"DIN1",0,1912,0,1,"stand",NA
"DIN2",425,2337,425,2,"freq1","1 = up?"
"DIN1",500,2837,500,1,"stand",NA
"DIN8",500,3337,500,8,"gap",NA
"DIN1",500,3837,500,1,"stand",NA
"DIN7",500,4337,500,7,"loc2","2 = right?"
"DIN1",500,4837,500,1,"stand",NA
"DIN4",500,5337,500,4,"int",NA
"DIN1",500,5837,500,1,"stand",NA
"DIN9",501,6338,501,9,"novel",NA
"DIN1",500,6838,500,1,"stand",NA
"DIN5",500,7338,500,5,"dur",NA
"DIN1",500,7838,500,1,"stand",NA
"DIN4",500,8338,500,4,"int",NA
"DIN1",500,8838,500,1,"stand",NA
"DIN9",500,9338,500,9,"novel",NA
"DIN1",500,9838,500,1,"stand",NA
"DIN4",500,10338,500,4,"int",NA
"DIN1",500,10838,500,1,"stand",NA
"DIN9",500,11338,500,9,"novel",NA
"DIN1",500,11838,500,1,"stand",NA
"DIN2",500,12338,500,2,"freq1","1 = up?"
"DIN1",500,12838,500,1,"stand",NA
"DIN8",500,13338,500,8,"gap",NA
"DIN1",500,13838,500,1,"stand",NA
"DIN6",500,14338,500,6,"loc1","1 = left?"
"DIN1",500,14838,500,1,"stand",NA
"DIN9",500,15338,500,9,"novel",NA
"DIN1",500,15838,500,1,"stand",NA
"DIN2",500,16338,500,2,"freq1","1 = up?"
"DIN1",500,16838,500,1,"stand",NA
"DIN5",500,17338,500,5,"dur",NA
"DIN1",500,17838,500,1,"stand",NA
"DIN6",500,18338,500,6,"loc1","1 = left?"
"DIN1",500,18838,500,1,"stand",NA
"DIN2",501,19339,501,2,"freq1","1 = up?"
"DIN1",500,19839,500,1,"stand",NA
"DIN5",500,20339,500,5,"dur",NA
"DIN1",500,20839,500,1,"stand",NA
"DIN8",500,21339,500,8,"gap",NA
"DIN1",500,21839,500,1,"stand",NA
"DIN4",500,22339,500,4,"int",NA
"DIN1",500,22839,500,1,"stand",NA
"DIN8",500,23339,500,8,"gap",NA
"DIN1",500,23839,500,1,"stand",NA
"DIN5",500,24339,500,5,"dur",NA
"DIN1",500,24839,500,1,"stand",NA
"DIN6",500,25339,500,6,"loc1","1 = left?"
"DIN1",500,25839,500,1,"stand",NA
"DIN5",500,26339,500,5,"dur",NA
"DIN1",500,26839,500,1,"stand",NA
"DIN3",500,27339,500,3,"freq2","2 = down?"
"DIN1",500,27839,500,1,"stand",NA
"DIN8",500,28339,500,8,"gap",NA
"DIN1",500,28839,500,1,"stand",NA
"DIN5",500,29339,500,5,"dur",NA
"DIN1",500,29839,500,1,"stand",NA
"DIN2",500,30339,500,2,"freq1","1 = up?"
"DIN1",500,30839,500,1,"stand",NA
"DIN6",500,31339,500,6,"loc1","1 = left?"
"DIN1",500,31839,500,1,"stand",NA
"DIN9",500,32339,500,9,"novel",NA
"DIN1",500,32839,500,1,"stand",NA
"DIN8",500,33339,500,8,"gap",NA
"DIN1",500,33839,500,1,"stand",NA
"DIN6",500,34339,500,6,"loc1","1 = left?"
"DIN1",500,34839,500,1,"stand",NA
"DIN4",501,35340,501,4,"int",NA
"DIN1",500,35840,500,1,"stand",NA
"DIN5",500,36340,500,5,"dur",NA
"DIN1",500,36840,500,1,"stand",NA
"DIN6",500,37340,500,6,"loc1","1 = left?"
"DIN1",500,37840,500,1,"stand",NA
"DIN2",500,38340,500,2,"freq1","1 = up?"
"DIN1",500,38840,500,1,"stand",NA
"DIN8",500,39340,500,8,"gap",NA
"DIN1",500,39840,500,1,"stand",NA
"DIN6",500,40340,500,6,"loc1","1 = left?"
"DIN1",500,40840,500,1,"stand",NA
"DIN9",500,41340,500,9,"novel",NA
"DIN1",500,41840,500,1,"stand",NA
"DIN4",500,42340,500,4,"int",NA
"DIN1",500,42840,500,1,"stand",NA
"DIN9",500,43340,500,9,"novel",NA
"DIN1",500,43840,500,1,"stand",NA
"DIN5",500,44340,500,5,"dur",NA
"DIN1",500,44840,500,1,"stand",NA
"DIN9",500,45340,500,9,"novel",NA
"DIN1",500,45840,500,1,"stand",NA
"DIN4",500,46340,500,4,"int",NA
"DIN1",500,46840,500,1,"stand",NA
"DIN8",500,47340,500,8,"gap",NA
"DIN1",500,47840,500,1,"stand",NA
"DIN3",500,48340,500,3,"freq2","2 = down?"
"DIN1",500,48840,500,1,"stand",NA
"DIN4",500,49340,500,4,"int",NA
"DIN1",500,49840,500,1,"stand",NA
"DIN5",501,50341,501,5,"dur",NA
"DIN1",500,50841,500,1,"stand",NA
"DIN9",500,51341,500,9,"novel",NA
"DIN1",500,51841,500,1,"stand",NA
"DIN8",500,52341,500,8,"gap",NA
"DIN1",500,52841,500,1,"stand",NA
"DIN9",500,53341,500,9,"novel",NA
"DIN1",500,53841,500,1,"stand",NA
"DIN3",500,54341,500,3,"freq2","2 = down?"
"DIN1",500,54841,500,1,"stand",NA
"DIN4",500,55341,500,4,"int",NA
"DIN1",500,55841,500,1,"stand",NA
"DIN3",500,56341,500,3,"freq2","2 = down?"
"DIN1",500,56841,500,1,"stand",NA
"DIN5",500,57341,500,5,"dur",NA
"DIN1",500,57841,500,1,"stand",NA
"DIN4",500,58341,500,4,"int",NA
"DIN1",500,58841,500,1,"stand",NA
"DIN6",500,59341,500,6,"loc1","1 = left?"
"DIN1",500,59841,500,1,"stand",NA
"DIN3",500,60341,500,3,"freq2","2 = down?"
"DIN1",500,60841,500,1,"stand",NA
"DIN7",500,61341,500,7,"loc2","2 = right?"
"DIN1",500,61841,500,1,"stand",NA
"DIN9",500,62341,500,9,"novel",NA
"DIN1",500,62841,500,1,"stand",NA
"DIN3",500,63341,500,3,"freq2","2 = down?"
"DIN1",500,63841,500,1,"stand",NA
"DIN4",499,64340,499,4,"int",NA
"DIN1",500,64840,500,1,"stand",NA
"DIN8",500,65340,500,8,"gap",NA
"DIN1",502,65842,502,1,"stand",NA
"DIN5",500,66342,500,5,"dur",NA
"DIN1",500,66842,500,1,"stand",NA
"DIN6",500,67342,500,6,"loc1","1 = left?"
"DIN1",500,67842,500,1,"stand",NA
"DIN8",500,68342,500,8,"gap",NA
"DIN1",500,68842,500,1,"stand",NA
"DIN5",500,69342,500,5,"dur",NA
"DIN1",500,69842,500,1,"stand",NA
"DIN7",500,70342,500,7,"loc2","2 = right?"
"DIN1",500,70842,500,1,"stand",NA
"DIN8",500,71342,500,8,"gap",NA
"DIN1",500,71842,500,1,"stand",NA
"DIN9",500,72342,500,9,"novel",NA
"DIN1",500,72842,500,1,"stand",NA
"DIN4",500,73342,500,4,"int",NA
"DIN1",500,73842,500,1,"stand",NA
"DIN7",500,74342,500,7,"loc2","2 = right?"
"DIN1",500,74842,500,1,"stand",NA
"DIN4",500,75342,500,4,"int",NA
"DIN1",500,75842,500,1,"stand",NA
"DIN3",500,76342,500,3,"freq2","2 = down?"
"DIN1",500,76842,500,1,"stand",NA
"DIN5",500,77342,500,5,"dur",NA
"DIN1",500,77842,500,1,"stand",NA
"DIN4",500,78342,500,4,"int",NA
"DIN1",500,78842,500,1,"stand",NA
"DIN6",500,79342,500,6,"loc1","1 = left?"
"DIN1",500,79842,500,1,"stand",NA
"DIN2",500,80342,500,2,"freq1","1 = up?"
"DIN1",500,80842,500,1,"stand",NA
"DIN8",501,81343,501,8,"gap",NA
"DIN1",500,81843,500,1,"stand",NA
"DIN3",500,82343,500,3,"freq2","2 = down?"
"DIN1",500,82843,500,1,"stand",NA
"DIN4",500,83343,500,4,"int",NA
"DIN1",500,83843,500,1,"stand",NA
"DIN5",500,84343,500,5,"dur",NA
"DIN1",500,84843,500,1,"stand",NA
"DIN9",500,85343,500,9,"novel",NA
"DIN1",500,85843,500,1,"stand",NA
"DIN8",500,86343,500,8,"gap",NA
"DIN1",500,86843,500,1,"stand",NA
"DIN9",500,87343,500,9,"novel",NA
"DIN1",500,87843,500,1,"stand",NA
"DIN4",500,88343,500,4,"int",NA
"DIN1",500,88843,500,1,"stand",NA
"DIN7",500,89343,500,7,"loc2","2 = right?"
"DIN1",500,89843,500,1,"stand",NA
"DIN9",500,90343,500,9,"novel",NA
"DIN1",500,90843,500,1,"stand",NA
"DIN8",500,91343,500,8,"gap",NA
"DIN1",500,91843,500,1,"stand",NA
"DIN5",500,92343,500,5,"dur",NA
"DIN1",500,92843,500,1,"stand",NA
"DIN9",500,93343,500,9,"novel",NA
"DIN1",500,93843,500,1,"stand",NA
"DIN2",500,94343,500,2,"freq1","1 = up?"
"DIN1",500,94843,500,1,"stand",NA
"DIN5",500,95343,500,5,"dur",NA
"DIN1",501,95844,501,1,"stand",NA
"DIN8",500,96344,500,8,"gap",NA
"DIN1",500,96844,500,1,"stand",NA
"DIN6",500,97344,500,6,"loc1","1 = left?"
"DIN1",500,97844,500,1,"stand",NA
"DIN3",500,98344,500,3,"freq2","2 = down?"
"DIN1",500,98844,500,1,"stand",NA
"DIN8",500,99344,500,8,"gap",NA
"DIN1",500,99844,500,1,"stand",NA
"DIN3",500,100344,500,3,"freq2","2 = down?"
"DIN1",500,100844,500,1,"stand",NA
"DIN8",500,101344,500,8,"gap",NA
"DIN1",500,101844,500,1,"stand",NA
"DIN9",500,102344,500,9,"novel",NA
"DIN1",500,102844,500,1,"stand",NA
"DIN5",500,103344,500,5,"dur",NA
"DIN1",500,103844,500,1,"stand",NA
"DIN4",500,104344,500,4,"int",NA
"DIN1",500,104844,500,1,"stand",NA
"DIN5",500,105344,500,5,"dur",NA
"DIN1",500,105844,500,1,"stand",NA
"DIN8",500,106344,500,8,"gap",NA
"DIN1",500,106844,500,1,"stand",NA
"DIN6",500,107344,500,6,"loc1","1 = left?"
"DIN1",500,107844,500,1,"stand",NA
"DIN4",500,108344,500,4,"int",NA
"DIN1",500,108844,500,1,"stand",NA
"DIN6",500,109344,500,6,"loc1","1 = left?"
"DIN1",500,109844,500,1,"stand",NA
"DIN5",501,110345,501,5,"dur",NA
"DIN1",500,110845,500,1,"stand",NA
"DIN9",500,111345,500,9,"novel",NA
"DIN1",500,111845,500,1,"stand",NA
"DIN5",500,112345,500,5,"dur",NA
"DIN1",500,112845,500,1,"stand",NA
"DIN4",500,113345,500,4,"int",NA
"DIN1",500,113845,500,1,"stand",NA
"DIN6",500,114345,500,6,"loc1","1 = left?"
"DIN1",500,114845,500,1,"stand",NA
"DIN3",500,115345,500,3,"freq2","2 = down?"
"DIN1",500,115845,500,1,"stand",NA
"DIN9",500,116345,500,9,"novel",NA
"DIN1",500,116845,500,1,"stand",NA
"DIN2",500,117345,500,2,"freq1","1 = up?"
"DIN1",500,117845,500,1,"stand",NA
"DIN6",500,118345,500,6,"loc1","1 = left?"
"DIN1",500,118845,500,1,"stand",NA
"DIN4",500,119345,500,4,"int",NA
"DIN1",500,119845,500,1,"stand",NA
"DIN9",500,120345,500,9,"novel",NA
"DIN1",500,120845,500,1,"stand",NA
"DIN8",500,121345,500,8,"gap",NA
"DIN1",500,121845,500,1,"stand",NA
"DIN9",500,122345,500,9,"novel",NA
"DIN1",500,122845,500,1,"stand",NA
"DIN5",500,123345,500,5,"dur",NA
"DIN1",500,123845,500,1,"stand",NA
"DIN8",500,124345,500,8,"gap",NA
"DIN1",500,124845,500,1,"stand",NA
"DIN4",501,125346,501,4,"int",NA
"DIN1",500,125846,500,1,"stand",NA
"DIN3",500,126346,500,3,"freq2","2 = down?"
"DIN1",500,126846,500,1,"stand",NA
"DIN9",500,127346,500,9,"novel",NA
"DIN1",500,127846,500,1,"stand",NA
"DIN8",500,128346,500,8,"gap",NA
"DIN1",500,128846,500,1,"stand",NA
"DIN4",500,129346,500,4,"int",NA
"DIN1",500,129846,500,1,"stand",NA
"DIN7",500,130346,500,7,"loc2","2 = right?"
"DIN1",500,130846,500,1,"stand",NA
"DIN3",500,131346,500,3,"freq2","2 = down?"
"DIN1",500,131846,500,1,"stand",NA
"DIN5",500,132346,500,5,"dur",NA
"DIN1",500,132846,500,1,"stand",NA
"DIN8",500,133346,500,8,"gap",NA
"DIN1",500,133846,500,1,"stand",NA
"DIN2",500,134346,500,2,"freq1","1 = up?"
"DIN1",500,134846,500,1,"stand",NA
"DIN4",500,135346,500,4,"int",NA
"DIN1",500,135846,500,1,"stand",NA
"DIN9",500,136346,500,9,"novel",NA
"DIN1",500,136846,500,1,"stand",NA
"DIN4",500,137346,500,4,"int",NA
"DIN1",500,137846,500,1,"stand",NA
"DIN2",500,138346,500,2,"freq1","1 = up?"
"DIN1",500,138846,500,1,"stand",NA
"DIN6",500,139346,500,6,"loc1","1 = left?"
"DIN1",500,139846,500,1,"stand",NA
"DIN9",500,140346,500,9,"novel",NA
"DIN1",501,140847,501,1,"stand",NA
"DIN5",500,141347,500,5,"dur",NA
"DIN1",500,141847,500,1,"stand",NA
"DIN7",500,142347,500,7,"loc2","2 = right?"
"DIN1",500,142847,500,1,"stand",NA
"DIN5",500,143347,500,5,"dur",NA
"DIN1",500,143847,500,1,"stand",NA
"DIN7",500,144347,500,7,"loc2","2 = right?"
"DIN1",500,144847,500,1,"stand",NA
"DIN8",500,145347,500,8,"gap",NA
"DIN1",500,145847,500,1,"stand",NA
"DIN2",500,146347,500,2,"freq1","1 = up?"
"DIN1",500,146847,500,1,"stand",NA
"DIN7",500,147347,500,7,"loc2","2 = right?"
"DIN1",500,147847,500,1,"stand",NA
"DIN5",500,148347,500,5,"dur",NA
"DIN1",500,148847,500,1,"stand",NA
"DIN8",500,149347,500,8,"gap",NA
"DIN1",500,149847,500,1,"stand",NA
"DIN4",500,150347,500,4,"int",NA
"DIN1",500,150847,500,1,"stand",NA
"DIN7",500,151347,500,7,"loc2","2 = right?"
"DIN1",500,151847,500,1,"stand",NA
"DIN9",500,152347,500,9,"novel",NA
"DIN1",500,152847,500,1,"stand",NA
"DIN8",500,153347,500,8,"gap",NA
"DIN1",500,153847,500,1,"stand",NA
"DIN3",500,154347,500,3,"freq2","2 = down?"
"DIN1",501,154848,501,1,"stand",NA
"DIN5",500,155348,500,5,"dur",NA
"DIN1",500,155848,500,1,"stand",NA
"DIN3",500,156348,500,3,"freq2","2 = down?"
"DIN1",500,156848,500,1,"stand",NA
"DIN9",500,157348,500,9,"novel",NA
"DIN1",500,157848,500,1,"stand",NA
"DIN4",500,158348,500,4,"int",NA
"DIN1",500,158848,500,1,"stand",NA
"DIN8",500,159348,500,8,"gap",NA
"DIN1",500,159848,500,1,"stand",NA
"DIN4",500,160348,500,4,"int",NA
"DIN1",500,160848,500,1,"stand",NA
"DIN5",500,161348,500,5,"dur",NA
"DIN1",500,161848,500,1,"stand",NA
"DIN9",500,162348,500,9,"novel",NA
"DIN1",500,162848,500,1,"stand",NA
"DIN5",500,163348,500,5,"dur",NA
"DIN1",500,163848,500,1,"stand",NA
"DIN4",500,164348,500,4,"int",NA
"DIN1",500,164848,500,1,"stand",NA
"DIN9",500,165348,500,9,"novel",NA
"DIN1",500,165848,500,1,"stand",NA
"DIN6",500,166348,500,6,"loc1","1 = left?"
"DIN1",500,166848,500,1,"stand",NA
"DIN2",500,167348,500,2,"freq1","1 = up?"
"DIN1",500,167848,500,1,"stand",NA
"DIN7",500,168348,500,7,"loc2","2 = right?"
"DIN1",500,168848,500,1,"stand",NA
"DIN8",500,169348,500,8,"gap",NA
"DIN1",500,169848,500,1,"stand",NA
"DIN5",501,170349,501,5,"dur",NA
"DIN1",500,170849,500,1,"stand",NA
"DIN8",500,171349,500,8,"gap",NA
"DIN1",500,171849,500,1,"stand",NA
"DIN7",500,172349,500,7,"loc2","2 = right?"
"DIN1",500,172849,500,1,"stand",NA
"DIN5",500,173349,500,5,"dur",NA
"DIN1",500,173849,500,1,"stand",NA
"DIN9",500,174349,500,9,"novel",NA
"DIN1",500,174849,500,1,"stand",NA
"DIN2",500,175349,500,2,"freq1","1 = up?"
"DIN1",500,175849,500,1,"stand",NA
"DIN4",500,176349,500,4,"int",NA
"DIN1",500,176849,500,1,"stand",NA
"DIN3",500,177349,500,3,"freq2","2 = down?"
"DIN1",500,177849,500,1,"stand",NA
"DIN9",500,178349,500,9,"novel",NA
"DIN1",500,178849,500,1,"stand",NA
"DIN4",500,179349,500,4,"int",NA
"DIN1",500,179849,500,1,"stand",NA
"DIN9",500,180349,500,9,"novel",NA
"DIN1",500,180849,500,1,"stand",NA
"DIN5",500,181349,500,5,"dur",NA
"DIN1",500,181849,500,1,"stand",NA
"DIN7",500,182349,500,7,"loc2","2 = right?"
"DIN1",500,182849,500,1,"stand",NA
"DIN3",500,183349,500,3,"freq2","2 = down?"
"DIN1",500,183849,500,1,"stand",NA
"DIN4",500,184349,500,4,"int",NA
"DIN1",500,184849,500,1,"stand",NA
"DIN6",501,185350,501,6,"loc1","1 = left?"
"DIN1",500,185850,500,1,"stand",NA
"DIN8",500,186350,500,8,"gap",NA
"DIN1",500,186850,500,1,"stand",NA
"DIN4",500,187350,500,4,"int",NA
"DIN1",500,187850,500,1,"stand",NA
"DIN3",500,188350,500,3,"freq2","2 = down?"
"DIN1",500,188850,500,1,"stand",NA
"DIN8",500,189350,500,8,"gap",NA
"DIN1",500,189850,500,1,"stand",NA
"DIN9",500,190350,500,9,"novel",NA
"DIN1",500,190850,500,1,"stand",NA
"DIN5",500,191350,500,5,"dur",NA
"DIN1",500,191850,500,1,"stand",NA
"DIN7",500,192350,500,7,"loc2","2 = right?"
"DIN1",500,192850,500,1,"stand",NA
"DIN8",500,193350,500,8,"gap",NA
"DIN1",500,193850,500,1,"stand",NA
"DIN9",500,194350,500,9,"novel",NA
"DIN1",500,194850,500,1,"stand",NA
"DIN4",500,195350,500,4,"int",NA
"DIN1",500,195850,500,1,"stand",NA
"DIN8",500,196350,500,8,"gap",NA
"DIN1",500,196850,500,1,"stand",NA
"DIN4",500,197350,500,4,"int",NA
"DIN1",500,197850,500,1,"stand",NA
"DIN7",500,198350,500,7,"loc2","2 = right?"
"DIN1",500,198850,500,1,"stand",NA
"DIN9",500,199350,500,9,"novel",NA
"DIN1",500,199850,500,1,"stand",NA
"DIN8",501,200351,501,8,"gap",NA
"DIN1",500,200851,500,1,"stand",NA
"DIN5",500,201351,500,5,"dur",NA
"DIN1",500,201851,500,1,"stand",NA
"DIN8",500,202351,500,8,"gap",NA
"DIN1",500,202851,500,1,"stand",NA
"DIN6",500,203351,500,6,"loc1","1 = left?"
"DIN1",500,203851,500,1,"stand",NA
"DIN8",500,204351,500,8,"gap",NA
"DIN1",500,204851,500,1,"stand",NA
"DIN6",500,205351,500,6,"loc1","1 = left?"
"DIN1",500,205851,500,1,"stand",NA
"DIN2",500,206351,500,2,"freq1","1 = up?"
"DIN1",500,206851,500,1,"stand",NA
"DIN9",500,207351,500,9,"novel",NA
"DIN1",500,207851,500,1,"stand",NA
"DIN4",500,208351,500,4,"int",NA
"DIN1",500,208851,500,1,"stand",NA
"DIN3",500,209351,500,3,"freq2","2 = down?"
"DIN1",500,209851,500,1,"stand",NA
"DIN4",500,210351,500,4,"int",NA
"DIN1",500,210851,500,1,"stand",NA
"DIN2",500,211351,500,2,"freq1","1 = up?"
"DIN1",500,211851,500,1,"stand",NA
"DIN5",500,212351,500,5,"dur",NA
"DIN1",500,212851,500,1,"stand",NA
"DIN2",500,213351,500,2,"freq1","1 = up?"
"DIN1",500,213851,500,1,"stand",NA
"DIN9",500,214351,500,9,"novel",NA
"DIN1",501,214852,501,1,"stand",NA
"DIN5",500,215352,500,5,"dur",NA
"DIN1",500,215852,500,1,"stand",NA
"DIN7",500,216352,500,7,"loc2","2 = right?"
"DIN1",500,216852,500,1,"stand",NA
"DIN5",500,217352,500,5,"dur",NA
"DIN1",500,217852,500,1,"stand",NA
"DIN2",500,218352,500,2,"freq1","1 = up?"
"DIN1",500,218852,500,1,"stand",NA
"DIN9",500,219352,500,9,"novel",NA
"DIN1",500,219852,500,1,"stand",NA
"DIN6",500,220352,500,6,"loc1","1 = left?"
"DIN1",500,220852,500,1,"stand",NA
"DIN3",500,221352,500,3,"freq2","2 = down?"
"DIN1",500,221852,500,1,"stand",NA
"DIN8",500,222352,500,8,"gap",NA
"DIN1",500,222852,500,1,"stand",NA
"DIN4",500,223352,500,4,"int",NA
"DIN1",500,223852,500,1,"stand",NA
"DIN9",500,224352,500,9,"novel",NA
"DIN1",500,224852,500,1,"stand",NA
"DIN4",500,225352,500,4,"int",NA
"DIN1",500,225852,500,1,"stand",NA
"DIN9",500,226352,500,9,"novel",NA
"DIN1",500,226852,500,1,"stand",NA
"DIN4",500,227352,500,4,"int",NA
"DIN1",500,227852,500,1,"stand",NA
"DIN5",500,228352,500,5,"dur",NA
"DIN1",500,228852,500,1,"stand",NA
"DIN2",500,229352,500,2,"freq1","1 = up?"
"DIN1",501,229853,501,1,"stand",NA
"DIN8",500,230353,500,8,"gap",NA
"DIN1",500,230853,500,1,"stand",NA
"DIN7",500,231353,500,7,"loc2","2 = right?"
"DIN1",500,231853,500,1,"stand",NA
"DIN5",500,232353,500,5,"dur",NA
"DIN1",500,232853,500,1,"stand",NA
"DIN2",500,233353,500,2,"freq1","1 = up?"
"DIN1",500,233853,500,1,"stand",NA
"DIN9",500,234353,500,9,"novel",NA
"DIN1",500,234853,500,1,"stand",NA
"DIN8",500,235353,500,8,"gap",NA
"DIN1",500,235853,500,1,"stand",NA
"DIN4",500,236353,500,4,"int",NA
"DIN1",500,236853,500,1,"stand",NA
"DIN8",500,237353,500,8,"gap",NA
"DIN1",500,237853,500,1,"stand",NA
"DIN5",500,238353,500,5,"dur",NA
"DIN1",500,238853,500,1,"stand",NA
"DIN7",500,239353,500,7,"loc2","2 = right?"
"DIN1",500,239853,500,1,"stand",NA
"DIN5",500,240353,500,5,"dur",NA
"DIN1",500,240853,500,1,"stand",NA
"DIN6",500,241353,500,6,"loc1","1 = left?"
"DIN1",500,241853,500,1,"stand",NA
"DIN8",500,242353,500,8,"gap",NA
"DIN1",500,242853,500,1,"stand",NA
"DIN5",500,243353,500,5,"dur",NA
"DIN1",500,243853,500,1,"stand",NA
"DIN3",500,244353,500,3,"freq2","2 = down?"
"DIN1",500,244853,500,1,"stand",NA
"DIN7",501,245354,501,7,"loc2","2 = right?"
"DIN1",500,245854,500,1,"stand",NA
"DIN9",500,246354,500,9,"novel",NA
"DIN1",500,246854,500,1,"stand",NA
"DIN5",500,247354,500,5,"dur",NA
"DIN1",500,247854,500,1,"stand",NA
"DIN8",500,248354,500,8,"gap",NA
"DIN1",500,248854,500,1,"stand",NA
"DIN4",500,249354,500,4,"int",NA
"DIN1",500,249854,500,1,"stand",NA
"DIN5",500,250354,500,5,"dur",NA
"DIN1",500,250854,500,1,"stand",NA
"DIN4",500,251354,500,4,"int",NA
"DIN1",500,251854,500,1,"stand",NA
"DIN9",500,252354,500,9,"novel",NA
"DIN1",500,252854,500,1,"stand",NA
"DIN8",500,253354,500,8,"gap",NA
"DIN1",500,253854,500,1,"stand",NA
"DIN3",500,254354,500,3,"freq2","2 = down?"
"DIN1",500,254854,500,1,"stand",NA
"DIN4",500,255354,500,4,"int",NA
"DIN1",500,255854,500,1,"stand",NA
"DIN9",499,256353,499,9,"novel",NA
"DIN1",500,256853,500,1,"stand",NA
"DIN8",500,257353,500,8,"gap",NA
"DIN1",500,257853,500,1,"stand",NA
"DIN6",500,258353,500,6,"loc1","1 = left?"
"DIN1",500,258853,500,1,"stand",NA
"DIN3",500,259353,500,3,"freq2","2 = down?"
"DIN1",500,259853,500,1,"stand",NA
"DIN4",502,260355,502,4,"int",NA
"DIN1",500,260855,500,1,"stand",NA
"DIN5",500,261355,500,5,"dur",NA
"DIN1",500,261855,500,1,"stand",NA
"DIN3",500,262355,500,3,"freq2","2 = down?"
"DIN1",500,262855,500,1,"stand",NA
"DIN7",500,263355,500,7,"loc2","2 = right?"
"DIN1",500,263855,500,1,"stand",NA
"DIN9",500,264355,500,9,"novel",NA
"DIN1",500,264855,500,1,"stand",NA
"DIN7",500,265355,500,7,"loc2","2 = right?"
"DIN1",500,265855,500,1,"stand",NA
"DIN9",500,266355,500,9,"novel",NA
"DIN1",500,266855,500,1,"stand",NA
"DIN4",500,267355,500,4,"int",NA
"DIN1",500,267855,500,1,"stand",NA
"DIN7",500,268355,500,7,"loc2","2 = right?"
"DIN1",500,268855,500,1,"stand",NA
"DIN8",500,269355,500,8,"gap",NA
"DIN1",500,269855,500,1,"stand",NA
"DIN4",500,270355,500,4,"int",NA
"DIN1",500,270855,500,1,"stand",NA
"DIN9",500,271355,500,9,"novel",NA
"DIN1",500,271855,500,1,"stand",NA
"DIN4",500,272355,500,4,"int",NA
"DIN1",500,272855,500,1,"stand",NA
"DIN7",500,273355,500,7,"loc2","2 = right?"
"DIN1",500,273855,500,1,"stand",NA
"DIN3",500,274355,500,3,"freq2","2 = down?"
"DIN1",500,274855,500,1,"stand",NA
"DIN9",501,275356,501,9,"novel",NA
"DIN1",500,275856,500,1,"stand",NA
"DIN5",500,276356,500,5,"dur",NA
"DIN1",500,276856,500,1,"stand",NA
"DIN4",500,277356,500,4,"int",NA
"DIN1",500,277856,500,1,"stand",NA
"DIN2",500,278356,500,2,"freq1","1 = up?"
"DIN1",500,278856,500,1,"stand",NA
"DIN7",500,279356,500,7,"loc2","2 = right?"
"DIN1",500,279856,500,1,"stand",NA
"DIN8",500,280356,500,8,"gap",NA
"DIN1",500,280856,500,1,"stand",NA
"DIN5",500,281356,500,5,"dur",NA
"DIN1",500,281856,500,1,"stand",NA
"DIN8",500,282356,500,8,"gap",NA
"DIN1",500,282856,500,1,"stand",NA
"DIN9",500,283356,500,9,"novel",NA
"DIN1",500,283856,500,1,"stand",NA
"DIN7",500,284356,500,7,"loc2","2 = right?"
"DIN1",500,284856,500,1,"stand",NA
"DIN3",500,285356,500,3,"freq2","2 = down?"
"DIN1",500,285856,500,1,"stand",NA
"DIN5",500,286356,500,5,"dur",NA
"DIN1",500,286856,500,1,"stand",NA
"DIN8",500,287356,500,8,"gap",NA
"DIN1",500,287856,500,1,"stand",NA
"DIN3",500,288356,500,3,"freq2","2 = down?"
"DIN1",500,288856,500,1,"stand",NA
"DIN5",500,289356,500,5,"dur",NA
"DIN1",500,289856,500,1,"stand",NA
"DIN7",500,290356,500,7,"loc2","2 = right?"
"DIN1",500,290856,500,1,"stand",NA
"DIN8",501,291357,501,8,"gap",NA
"DIN1",500,291857,500,1,"stand",NA
"DIN3",500,292357,500,3,"freq2","2 = down?"
"DIN1",500,292857,500,1,"stand",NA
"DIN9",500,293357,500,9,"novel",NA
"DIN1",500,293857,500,1,"stand",NA
"DIN5",500,294357,500,5,"dur",NA
"DIN1",500,294857,500,1,"stand",NA
"DIN8",500,295357,500,8,"gap",NA
"DIN1",500,295857,500,1,"stand",NA
"DIN6",500,296357,500,6,"loc1","1 = left?"
"DIN1",500,296857,500,1,"stand",NA
"DIN3",500,297357,500,3,"freq2","2 = down?"
"DIN1",500,297857,500,1,"stand",NA
"DIN9",500,298357,500,9,"novel",NA
"DIN1",500,298857,500,1,"stand",NA
"DIN5",500,299357,500,5,"dur",NA
"DIN1",500,299857,500,1,"stand",NA
"DIN8",500,300357,500,8,"gap",NA
"DIN1",500,300857,500,1,"stand",NA
"DIN4",500,301357,500,4,"int",NA
"DIN1",500,301857,500,1,"stand",NA
"DIN9",500,302357,500,9,"novel",NA
"DIN1",500,302857,500,1,"stand",NA
"DIN3",500,303357,500,3,"freq2","2 = down?"
"DIN1",500,303857,500,1,"stand",NA
"DIN9",500,304357,500,9,"novel",NA
"DIN1",500,304857,500,1,"stand",NA
"DIN4",500,305357,500,4,"int",NA
"DIN1",500,305857,500,1,"stand",NA
"DIN5",500,306357,500,5,"dur",NA
"DIN1",501,306858,501,1,"stand",NA
"DIN7",500,307358,500,7,"loc2","2 = right?"
"DIN1",500,307858,500,1,"stand",NA
"DIN4",500,308358,500,4,"int",NA
"DIN1",500,308858,500,1,"stand",NA
"DIN3",500,309358,500,3,"freq2","2 = down?"
"DIN1",500,309858,500,1,"stand",NA
"DIN8",500,310358,500,8,"gap",NA
"DIN1",500,310858,500,1,"stand",NA
"DIN5",500,311358,500,5,"dur",NA
"DIN1",500,311858,500,1,"stand",NA
"DIN4",500,312358,500,4,"int",NA
"DIN1",500,312858,500,1,"stand",NA
"DIN6",500,313358,500,6,"loc1","1 = left?"
"DIN1",500,313858,500,1,"stand",NA
"DIN8",500,314358,500,8,"gap",NA
"DIN1",500,314858,500,1,"stand",NA
"DIN4",500,315358,500,4,"int",NA
"DIN1",500,315858,500,1,"stand",NA
"DIN8",500,316358,500,8,"gap",NA
"DIN1",500,316858,500,1,"stand",NA
"DIN9",500,317358,500,9,"novel",NA
"DIN1",500,317858,500,1,"stand",NA
"DIN4",500,318358,500,4,"int",NA
"DIN1",500,318858,500,1,"stand",NA
"DIN3",500,319358,500,3,"freq2","2 = down?"
"DIN1",500,319858,500,1,"stand",NA
"DIN5",500,320358,500,5,"dur",NA
"DIN1",500,320858,500,1,"stand",NA
"DIN9",500,321358,500,9,"novel",NA
"DIN1",500,321858,500,1,"stand",NA
"DIN8",501,322359,501,8,"gap",NA
"DIN1",500,322859,500,1,"stand",NA
"DIN2",500,323359,500,2,"freq1","1 = up?"
"DIN1",500,323859,500,1,"stand",NA
"DIN6",500,324359,500,6,"loc1","1 = left?"
"DIN1",500,324859,500,1,"stand",NA
"DIN9",500,325359,500,9,"novel",NA
"DIN1",500,325859,500,1,"stand",NA
"DIN6",500,326359,500,6,"loc1","1 = left?"
"DIN1",500,326859,500,1,"stand",NA
"DIN5",500,327359,500,5,"dur",NA
"DIN1",500,327859,500,1,"stand",NA
"DIN6",500,328359,500,6,"loc1","1 = left?"
"DIN1",500,328859,500,1,"stand",NA
"DIN4",500,329359,500,4,"int",NA
"DIN1",500,329859,500,1,"stand",NA
"DIN6",500,330359,500,6,"loc1","1 = left?"
"DIN1",500,330859,500,1,"stand",NA
"DIN2",500,331359,500,2,"freq1","1 = up?"
"DIN1",500,331859,500,1,"stand",NA
"DIN9",500,332359,500,9,"novel",NA
"DIN1",500,332859,500,1,"stand",NA
"DIN2",500,333359,500,2,"freq1","1 = up?"
"DIN1",500,333859,500,1,"stand",NA
"DIN8",500,334359,500,8,"gap",NA
"DIN1",500,334859,500,1,"stand",NA
"DIN5",500,335359,500,5,"dur",NA
"DIN1",500,335859,500,1,"stand",NA
"DIN4",500,336359,500,4,"int",NA
"DIN1",500,336859,500,1,"stand",NA
"DIN5",501,337360,501,5,"dur",NA
"DIN1",500,337860,500,1,"stand",NA
"DIN8",500,338360,500,8,"gap",NA
"DIN1",500,338860,500,1,"stand",NA
"DIN9",500,339360,500,9,"novel",NA
"DIN1",500,339860,500,1,"stand",NA
"DIN4",500,340360,500,4,"int",NA
"DIN1",500,340860,500,1,"stand",NA
"DIN9",500,341360,500,9,"novel",NA
"DIN1",500,341860,500,1,"stand",NA
"DIN7",500,342360,500,7,"loc2","2 = right?"
"DIN1",500,342860,500,1,"stand",NA
"DIN8",500,343360,500,8,"gap",NA
"DIN1",500,343860,500,1,"stand",NA
"DIN2",500,344360,500,2,"freq1","1 = up?"
"DIN1",500,344860,500,1,"stand",NA
"DIN8",500,345360,500,8,"gap",NA
"DIN1",500,345860,500,1,"stand",NA
"DIN4",500,346360,500,4,"int",NA
"DIN1",500,346860,500,1,"stand",NA
"DIN7",500,347360,500,7,"loc2","2 = right?"
"DIN1",500,347860,500,1,"stand",NA
"DIN2",500,348360,500,2,"freq1","1 = up?"
"DIN1",500,348860,500,1,"stand",NA
"DIN4",500,349360,500,4,"int",NA
"DIN1",500,349860,500,1,"stand",NA
"DIN8",501,350361,501,8,"gap",NA
"DIN1",500,350861,500,1,"stand",NA
"DIN4",500,351361,500,4,"int",NA
"DIN1",500,351861,500,1,"stand",NA
"DIN5",500,352361,500,5,"dur",NA
"DIN1",500,352861,500,1,"stand",NA
"DIN7",500,353361,500,7,"loc2","2 = right?"
"DIN1",500,353861,500,1,"stand",NA
"DIN5",500,354361,500,5,"dur",NA
"DIN1",500,354861,500,1,"stand",NA
"DIN3",500,355361,500,3,"freq2","2 = down?"
"DIN1",500,355861,500,1,"stand",NA
"DIN9",500,356361,500,9,"novel",NA
"DIN1",500,356861,500,1,"stand",NA
"DIN2",500,357361,500,2,"freq1","1 = up?"
"DIN1",500,357861,500,1,"stand",NA
"DIN5",500,358361,500,5,"dur",NA
"DIN1",500,358861,500,1,"stand",NA
"DIN7",500,359361,500,7,"loc2","2 = right?"
"DIN1",500,359861,500,1,"stand",NA
"DIN9",500,360361,500,9,"novel",NA
"DIN1",500,360861,500,1,"stand",NA
"DIN5",500,361361,500,5,"dur",NA
"DIN1",500,361861,500,1,"stand",NA
"DIN9",500,362361,500,9,"novel",NA
"DIN1",500,362861,500,1,"stand",NA
"DIN6",500,363361,500,6,"loc1","1 = left?"
"DIN1",500,363861,500,1,"stand",NA
"DIN9",500,364361,500,9,"novel",NA
"DIN1",501,364862,501,1,"stand",NA
"DIN8",500,365362,500,8,"gap",NA
"DIN1",500,365862,500,1,"stand",NA
"DIN2",500,366362,500,2,"freq1","1 = up?"
"DIN1",500,366862,500,1,"stand",NA
"DIN4",500,367362,500,4,"int",NA
"DIN1",500,367862,500,1,"stand",NA
"DIN9",500,368362,500,9,"novel",NA
"DIN1",500,368862,500,1,"stand",NA
"DIN6",500,369362,500,6,"loc1","1 = left?"
"DIN1",500,369862,500,1,"stand",NA
"DIN4",500,370362,500,4,"int",NA
"DIN1",500,370862,500,1,"stand",NA
"DIN5",500,371362,500,5,"dur",NA
"DIN1",500,371862,500,1,"stand",NA
"DIN7",500,372362,500,7,"loc2","2 = right?"
"DIN1",500,372862,500,1,"stand",NA
"DIN8",500,373362,500,8,"gap",NA
"DIN1",500,373862,500,1,"stand",NA
"DIN4",500,374362,500,4,"int",NA
"DIN1",500,374862,500,1,"stand",NA
"DIN3",500,375362,500,3,"freq2","2 = down?"
"DIN1",500,375862,500,1,"stand",NA
"DIN6",500,376362,500,6,"loc1","1 = left?"
"DIN1",500,376862,500,1,"stand",NA
"DIN8",500,377362,500,8,"gap",NA
"DIN1",500,377862,500,1,"stand",NA
"DIN5",500,378362,500,5,"dur",NA
"DIN1",500,378862,500,1,"stand",NA
"DIN2",500,379362,500,2,"freq1","1 = up?"
"DIN1",501,379863,501,1,"stand",NA
"DIN4",500,380363,500,4,"int",NA
"DIN1",500,380863,500,1,"stand",NA
"DIN5",500,381363,500,5,"dur",NA
"DIN1",500,381863,500,1,"stand",NA
"DIN2",500,382363,500,2,"freq1","1 = up?"
"DIN1",500,382863,500,1,"stand",NA
"DIN9",500,383363,500,9,"novel",NA
"DIN1",500,383863,500,1,"stand",NA
"DIN5",500,384363,500,5,"dur",NA
"DIN1",500,384863,500,1,"stand",NA
"DIN8",500,385363,500,8,"gap",NA
"DIN1",500,385863,500,1,"stand",NA
"DIN5",500,386363,500,5,"dur",NA
"DIN1",500,386863,500,1,"stand",NA
"DIN8",500,387363,500,8,"gap",NA
"DIN1",500,387863,500,1,"stand",NA
"DIN3",500,388363,500,3,"freq2","2 = down?"
"DIN1",500,388863,500,1,"stand",NA
"DIN7",500,389363,500,7,"loc2","2 = right?"
"DIN1",500,389863,500,1,"stand",NA
"DIN8",500,390363,500,8,"gap",NA
"DIN1",500,390863,500,1,"stand",NA
"DIN9",500,391363,500,9,"novel",NA
"DIN1",500,391863,500,1,"stand",NA
"DIN4",500,392363,500,4,"int",NA
"DIN1",500,392863,500,1,"stand",NA
"DIN9",500,393363,500,9,"novel",NA
"DIN1",501,393864,501,1,"stand",NA
"DIN7",500,394364,500,7,"loc2","2 = right?"
"DIN1",500,394864,500,1,"stand",NA
"DIN5",500,395364,500,5,"dur",NA
"DIN1",500,395864,500,1,"stand",NA
"DIN8",500,396364,500,8,"gap",NA
"DIN1",500,396864,500,1,"stand",NA
"DIN4",500,397364,500,4,"int",NA
"DIN1",500,397864,500,1,"stand",NA
"DIN9",500,398364,500,9,"novel",NA
"DIN1",500,398864,500,1,"stand",NA
"DIN4",500,399364,500,4,"int",NA
"DIN1",500,399864,500,1,"stand",NA
"DIN5",500,400364,500,5,"dur",NA
"DIN1",500,400864,500,1,"stand",NA
"DIN3",500,401364,500,3,"freq2","2 = down?"
"DIN1",500,401864,500,1,"stand",NA
"DIN6",500,402364,500,6,"loc1","1 = left?"
"DIN1",500,402864,500,1,"stand",NA
"DIN3",500,403364,500,3,"freq2","2 = down?"
"DIN1",500,403864,500,1,"stand",NA
"DIN9",500,404364,500,9,"novel",NA
"DIN1",500,404864,500,1,"stand",NA
"DIN2",500,405364,500,2,"freq1","1 = up?"
"DIN1",500,405864,500,1,"stand",NA
"DIN4",500,406364,500,4,"int",NA
"DIN1",500,406864,500,1,"stand",NA
"DIN7",500,407364,500,7,"loc2","2 = right?"
"DIN1",500,407864,500,1,"stand",NA
"DIN8",500,408364,500,8,"gap",NA
"DIN1",500,408864,500,1,"stand",NA
"DIN5",500,409364,500,5,"dur",NA
"DIN1",501,409865,501,1,"stand",NA
"DIN8",500,410365,500,8,"gap",NA
"DIN1",500,410865,500,1,"stand",NA
"DIN9",500,411365,500,9,"novel",NA
"DIN1",500,411865,500,1,"stand",NA
"DIN4",500,412365,500,4,"int",NA
"DIN1",500,412865,500,1,"stand",NA
"DIN5",500,413365,500,5,"dur",NA
"DIN1",500,413865,500,1,"stand",NA
"DIN3",500,414365,500,3,"freq2","2 = down?"
"DIN1",500,414865,500,1,"stand",NA
"DIN4",500,415365,500,4,"int",NA
"DIN1",500,415865,500,1,"stand",NA
"DIN8",500,416365,500,8,"gap",NA
"DIN1",500,416865,500,1,"stand",NA
"DIN5",500,417365,500,5,"dur",NA
"DIN1",500,417865,500,1,"stand",NA
"DIN7",500,418365,500,7,"loc2","2 = right?"
"DIN1",500,418865,500,1,"stand",NA
"DIN8",500,419365,500,8,"gap",NA
"DIN1",500,419865,500,1,"stand",NA
"DIN6",500,420365,500,6,"loc1","1 = left?"
"DIN1",500,420865,500,1,"stand",NA
"DIN4",500,421365,500,4,"int",NA
"DIN1",500,421865,500,1,"stand",NA
"DIN8",500,422365,500,8,"gap",NA
"DIN1",500,422865,500,1,"stand",NA
"DIN5",500,423365,500,5,"dur",NA
"DIN1",500,423865,500,1,"stand",NA
"DIN6",500,424365,500,6,"loc1","1 = left?"
"DIN1",500,424865,500,1,"stand",NA
"DIN9",501,425366,501,9,"novel",NA
"DIN1",500,425866,500,1,"stand",NA
"DIN4",500,426366,500,4,"int",NA
"DIN1",500,426866,500,1,"stand",NA
"DIN9",500,427366,500,9,"novel",NA
"DIN1",500,427866,500,1,"stand",NA
"DIN2",500,428366,500,2,"freq1","1 = up?"
"DIN1",500,428866,500,1,"stand",NA
"DIN5",500,429366,500,5,"dur",NA
"DIN1",500,429866,500,1,"stand",NA
"DIN9",500,430366,500,9,"novel",NA
"DIN1",500,430866,500,1,"stand",NA
"DIN3",500,431366,500,3,"freq2","2 = down?"
"DIN1",500,431866,500,1,"stand",NA
"DIN6",500,432366,500,6,"loc1","1 = left?"
"DIN1",500,432866,500,1,"stand",NA
"DIN2",500,433366,500,2,"freq1","1 = up?"
"DIN1",500,433866,500,1,"stand",NA
"DIN7",500,434366,500,7,"loc2","2 = right?"
"DIN1",500,434866,500,1,"stand",NA
"DIN3",500,435366,500,3,"freq2","2 = down?"
"DIN1",500,435866,500,1,"stand",NA
"DIN8",500,436366,500,8,"gap",NA
"DIN1",500,436866,500,1,"stand",NA
"DIN5",500,437366,500,5,"dur",NA
"DIN1",500,437866,500,1,"stand",NA
"DIN6",500,438366,500,6,"loc1","1 = left?"
"DIN1",500,438866,500,1,"stand",NA
"DIN2",500,439366,500,2,"freq1","1 = up?"
"DIN1",500,439866,500,1,"stand",NA
"DIN9",500,440366,500,9,"novel",NA
"DIN1",501,440867,501,1,"stand",NA
"DIN8",500,441367,500,8,"gap",NA
"DIN1",500,441867,500,1,"stand",NA
"DIN9",500,442367,500,9,"novel",NA
"DIN1",500,442867,500,1,"stand",NA
"DIN4",500,443367,500,4,"int",NA
"DIN1",500,443867,500,1,"stand",NA
"DIN6",500,444367,500,6,"loc1","1 = left?"
"DIN1",500,444867,500,1,"stand",NA
"DIN9",500,445367,500,9,"novel",NA
"DIN1",500,445867,500,1,"stand",NA
"DIN5",500,446367,500,5,"dur",NA
"DIN1",500,446867,500,1,"stand",NA
"DIN4",500,447367,500,4,"int",NA
"DIN1",500,447867,500,1,"stand",NA
"DIN9",500,448367,500,9,"novel",NA
"DIN1",500,448867,500,1,"stand",NA
"DIN2",500,449367,500,2,"freq1","1 = up?"
"DIN1",500,449867,500,1,"stand",NA
"DIN4",500,450367,500,4,"int",NA
"DIN1",500,450867,500,1,"stand",NA
"DIN7",500,451367,500,7,"loc2","2 = right?"
"DIN1",500,451867,500,1,"stand",NA
"DIN4",500,452367,500,4,"int",NA
"DIN1",500,452867,500,1,"stand",NA
"DIN5",500,453367,500,5,"dur",NA
"DIN1",500,453867,500,1,"stand",NA
"DIN8",500,454367,500,8,"gap",NA
"DIN1",500,454867,500,1,"stand",NA
"DIN3",500,455367,500,3,"freq2","2 = down?"
"DIN1",500,455867,500,1,"stand",NA
"DIN8",501,456368,501,8,"gap",NA
"DIN1",500,456868,500,1,"stand",NA
"DIN5",500,457368,500,5,"dur",NA
"DIN1",500,457868,500,1,"stand",NA
"DIN9",500,458368,500,9,"novel",NA
"DIN1",500,458868,500,1,"stand",NA
"DIN8",500,459368,500,8,"gap",NA
"DIN1",500,459868,500,1,"stand",NA
"DIN2",500,460368,500,2,"freq1","1 = up?"
"DIN1",500,460868,500,1,"stand",NA
"DIN6",500,461368,500,6,"loc1","1 = left?"
"DIN1",500,461868,500,1,"stand",NA
"DIN4",500,462368,500,4,"int",NA
"DIN1",500,462868,500,1,"stand",NA
"DIN3",500,463368,500,3,"freq2","2 = down?"
"DIN1",500,463868,500,1,"stand",NA
"DIN5",500,464368,500,5,"dur",NA
"DIN1",500,464868,500,1,"stand",NA
"DIN4",500,465368,500,4,"int",NA
"DIN1",500,465868,500,1,"stand",NA
"DIN3",500,466368,500,3,"freq2","2 = down?"
"DIN1",500,466868,500,1,"stand",NA
"DIN5",500,467368,500,5,"dur",NA
"DIN1",500,467868,500,1,"stand",NA
"DIN7",500,468368,500,7,"loc2","2 = right?"
"DIN1",500,468868,500,1,"stand",NA
"DIN2",500,469368,500,2,"freq1","1 = up?"
"DIN1",500,469868,500,1,"stand",NA
"DIN9",500,470368,500,9,"novel",NA
"DIN1",500,470868,500,1,"stand",NA
"DIN6",500,471368,500,6,"loc1","1 = left?"
"DIN1",500,471868,500,1,"stand",NA
"DIN4",501,472369,501,4,"int",NA
"DIN1",500,472869,500,1,"stand",NA
"DIN9",500,473369,500,9,"novel",NA
"DIN1",500,473869,500,1,"stand",NA
"DIN8",500,474369,500,8,"gap",NA
"DIN1",500,474869,500,1,"stand",NA
"DIN5",500,475369,500,5,"dur",NA
"DIN1",500,475869,500,1,"stand",NA
"DIN4",500,476369,500,4,"int",NA
"DIN1",500,476869,500,1,"stand",NA
"DIN8",500,477369,500,8,"gap",NA
"DIN1",500,477869,500,1,"stand",NA
"DIN6",500,478369,500,6,"loc1","1 = left?"
"DIN1",500,478869,500,1,"stand",NA
"DIN5",500,479369,500,5,"dur",NA
"DIN1",500,479869,500,1,"stand",NA
"DIN8",500,480369,500,8,"gap",NA
"DIN1",500,480869,500,1,"stand",NA
"DIN9",500,481369,500,9,"novel",NA
"DIN1",500,481869,500,1,"stand",NA
"DIN2",500,482369,500,2,"freq1","1 = up?"
"DIN1",500,482869,500,1,"stand",NA
"DIN4",500,483369,500,4,"int",NA
"DIN1",500,483869,500,1,"stand",NA
"DIN2",500,484369,500,2,"freq1","1 = up?"
"DIN1",500,484869,500,1,"stand",NA
"DIN8",500,485369,500,8,"gap",NA
"DIN1",500,485869,500,1,"stand",NA
"DIN5",500,486369,500,5,"dur",NA
"DIN1",500,486869,500,1,"stand",NA
"DIN6",500,487369,500,6,"loc1","1 = left?"
"DIN1",501,487870,501,1,"stand",NA
"DIN9",500,488370,500,9,"novel",NA
"DIN1",500,488870,500,1,"stand",NA
"DIN8",500,489370,500,8,"gap",NA
"DIN1",500,489870,500,1,"stand",NA
"DIN5",500,490370,500,5,"dur",NA
"DIN1",500,490870,500,1,"stand",NA
"DIN9",500,491370,500,9,"novel",NA
"DIN1",500,491870,500,1,"stand",NA
"DIN4",500,492370,500,4,"int",NA
"DIN1",500,492870,500,1,"stand",NA
"DIN9",500,493370,500,9,"novel",NA
"DIN1",500,493870,500,1,"stand",NA
"DIN5",500,494370,500,5,"dur",NA
"DIN1",500,494870,500,1,"stand",NA
"DIN7",500,495370,500,7,"loc2","2 = right?"
"DIN1",500,495870,500,1,"stand",NA
"DIN5",500,496370,500,5,"dur",NA
"DIN1",500,496870,500,1,"stand",NA
"DIN7",500,497370,500,7,"loc2","2 = right?"
"DIN1",500,497870,500,1,"stand",NA
"DIN9",500,498370,500,9,"novel",NA
"DIN1",500,498870,500,1,"stand",NA
"DIN2",500,499370,500,2,"freq1","1 = up?"
"DIN1",500,499870,500,1,"stand",NA
"DIN7",500,500370,500,7,"loc2","2 = right?"
"DIN1",500,500870,500,1,"stand",NA
"DIN4",500,501370,500,4,"int",NA
"DIN1",500,501870,500,1,"stand",NA
"DIN8",500,502370,500,8,"gap",NA
"DIN1",500,502870,500,1,"stand",NA
"DIN4",501,503371,501,4,"int",NA
"DIN1",500,503871,500,1,"stand",NA
"DIN2",500,504371,500,2,"freq1","1 = up?"
"DIN1",500,504871,500,1,"stand",NA
"DIN8",500,505371,500,8,"gap",NA
"DIN1",500,505871,500,1,"stand",NA
"DIN9",500,506371,500,9,"novel",NA
"DIN1",500,506871,500,1,"stand",NA
"DIN4",500,507371,500,4,"int",NA
"DIN1",500,507871,500,1,"stand",NA
"DIN9",500,508371,500,9,"novel",NA
"DIN1",500,508871,500,1,"stand",NA
"DIN2",500,509371,500,2,"freq1","1 = up?"
"DIN1",500,509871,500,1,"stand",NA
"DIN8",500,510371,500,8,"gap",NA
"DIN1",500,510871,500,1,"stand",NA
"DIN4",500,511371,500,4,"int",NA
"DIN1",500,511871,500,1,"stand",NA
"DIN7",500,512371,500,7,"loc2","2 = right?"
"DIN1",500,512871,500,1,"stand",NA
"DIN4",500,513371,500,4,"int",NA
"DIN1",500,513871,500,1,"stand",NA
"DIN5",500,514371,500,5,"dur",NA
"DIN1",500,514871,500,1,"stand",NA
"DIN6",500,515371,500,6,"loc1","1 = left?"
"DIN1",500,515871,500,1,"stand",NA
"DIN2",500,516371,500,2,"freq1","1 = up?"
"DIN1",500,516871,500,1,"stand",NA
"DIN5",500,517371,500,5,"dur",NA
"DIN1",500,517871,500,1,"stand",NA
"DIN9",500,518371,500,9,"novel",NA
"DIN1",500,518871,500,1,"stand",NA
"DIN2",500,519371,500,2,"freq1","1 = up?"
"DIN1",500,519871,500,1,"stand",NA
"DIN8",500,520371,500,8,"gap",NA
"DIN1",500,520871,500,1,"stand",NA
"DIN7",500,521371,500,7,"loc2","2 = right?"
"DIN1",500,521871,500,1,"stand",NA
"DIN9",500,522371,500,9,"novel",NA
"DIN1",500,522871,500,1,"stand",NA
"DIN5",500,523371,500,5,"dur",NA
"DIN1",500,523871,500,1,"stand",NA
"DIN7",501,524372,501,7,"loc2","2 = right?"
"DIN1",500,524872,500,1,"stand",NA
"DIN4",500,525372,500,4,"int",NA
"DIN1",500,525872,500,1,"stand",NA
"DIN8",500,526372,500,8,"gap",NA
"DIN1",500,526872,500,1,"stand",NA
"DIN5",500,527372,500,5,"dur",NA
"DIN1",500,527872,500,1,"stand",NA
"DIN8",500,528372,500,8,"gap",NA
"DIN1",500,528872,500,1,"stand",NA
"DIN3",500,529372,500,3,"freq2","2 = down?"
"DIN1",500,529872,500,1,"stand",NA
"DIN4",500,530372,500,4,"int",NA
"DIN1",500,530872,500,1,"stand",NA
"DIN2",500,531372,500,2,"freq1","1 = up?"
"DIN1",500,531872,500,1,"stand",NA
"DIN4",500,532372,500,4,"int",NA
"DIN1",500,532872,500,1,"stand",NA
"DIN8",500,533372,500,8,"gap",NA
"DIN1",500,533872,500,1,"stand",NA
"DIN2",500,534372,500,2,"freq1","1 = up?"
"DIN1",500,534872,500,1,"stand",NA
"DIN4",501,535373,501,4,"int",NA
"DIN1",500,535873,500,1,"stand",NA
"DIN9",500,536373,500,9,"novel",NA
"DIN1",500,536873,500,1,"stand",NA
"DIN7",500,537373,500,7,"loc2","2 = right?"
"DIN1",500,537873,500,1,"stand",NA
"DIN8",500,538373,500,8,"gap",NA
"DIN1",500,538873,500,1,"stand",NA
"DIN9",500,539373,500,9,"novel",NA
"DIN1",500,539873,500,1,"stand",NA
"DIN8",500,540373,500,8,"gap",NA
"DIN1",500,540873,500,1,"stand",NA
"DIN9",500,541373,500,9,"novel",NA
"DIN1",500,541873,500,1,"stand",NA
"DIN5",500,542373,500,5,"dur",NA
"DIN1",500,542873,500,1,"stand",NA
"DIN4",500,543373,500,4,"int",NA
"DIN1",500,543873,500,1,"stand",NA
"DIN3",500,544373,500,3,"freq2","2 = down?"
"DIN1",500,544873,500,1,"stand",NA
"DIN6",500,545373,500,6,"loc1","1 = left?"
"DIN1",500,545873,500,1,"stand",NA
"DIN5",500,546373,500,5,"dur",NA
"DIN1",500,546873,500,1,"stand",NA
"DIN2",500,547373,500,2,"freq1","1 = up?"
"DIN1",500,547873,500,1,"stand",NA
"DIN7",500,548373,500,7,"loc2","2 = right?"
"DIN1",500,548873,500,1,"stand",NA
"DIN5",500,549373,500,5,"dur",NA
"DIN1",500,549873,500,1,"stand",NA
"DIN8",500,550373,500,8,"gap",NA
"DIN1",501,550874,501,1,"stand",NA
"DIN5",500,551374,500,5,"dur",NA
"DIN1",500,551874,500,1,"stand",NA
"DIN7",500,552374,500,7,"loc2","2 = right?"
"DIN1",500,552874,500,1,"stand",NA
"DIN9",500,553374,500,9,"novel",NA
"DIN1",500,553874,500,1,"stand",NA
"DIN4",500,554374,500,4,"int",NA
"DIN1",500,554874,500,1,"stand",NA
"DIN7",500,555374,500,7,"loc2","2 = right?"
"DIN1",500,555874,500,1,"stand",NA
"DIN3",500,556374,500,3,"freq2","2 = down?"
"DIN1",500,556874,500,1,"stand",NA
"DIN4",500,557374,500,4,"int",NA
"DIN1",500,557874,500,1,"stand",NA
"DIN2",500,558374,500,2,"freq1","1 = up?"
"DIN1",500,558874,500,1,"stand",NA
"DIN6",500,559374,500,6,"loc1","1 = left?"
"DIN1",500,559874,500,1,"stand",NA
"DIN2",500,560374,500,2,"freq1","1 = up?"
"DIN1",500,560874,500,1,"stand",NA
"DIN4",500,561374,500,4,"int",NA
"DIN1",500,561874,500,1,"stand",NA
"DIN5",500,562374,500,5,"dur",NA
"DIN1",500,562874,500,1,"stand",NA
"DIN6",500,563374,500,6,"loc1","1 = left?"
"DIN1",500,563874,500,1,"stand",NA
"DIN9",500,564374,500,9,"novel",NA
"DIN1",500,564874,500,1,"stand",NA
"DIN8",500,565374,500,8,"gap",NA
"DIN1",501,565875,501,1,"stand",NA
"DIN5",500,566375,500,5,"dur",NA
"DIN1",500,566875,500,1,"stand",NA
"DIN6",500,567375,500,6,"loc1","1 = left?"
"DIN1",500,567875,500,1,"stand",NA
"DIN5",500,568375,500,5,"dur",NA
"DIN1",500,568875,500,1,"stand",NA
"DIN8",500,569375,500,8,"gap",NA
"DIN1",500,569875,500,1,"stand",NA
"DIN3",500,570375,500,3,"freq2","2 = down?"
"DIN1",500,570875,500,1,"stand",NA
"DIN9",500,571375,500,9,"novel",NA
"DIN1",500,571875,500,1,"stand",NA
"DIN5",500,572375,500,5,"dur",NA
"DIN1",500,572875,500,1,"stand",NA
"DIN8",500,573375,500,8,"gap",NA
"DIN1",500,573875,500,1,"stand",NA
"DIN9",500,574375,500,9,"novel",NA
"DIN1",500,574875,500,1,"stand",NA
"DIN4",500,575375,500,4,"int",NA
"DIN1",500,575875,500,1,"stand",NA
"DIN9",500,576375,500,9,"novel",NA
"DIN1",500,576875,500,1,"stand",NA
"DIN8",500,577375,500,8,"gap",NA
"DIN1",500,577875,500,1,"stand",NA
"DIN6",500,578375,500,6,"loc1","1 = left?"
"DIN1",500,578875,500,1,"stand",NA
"DIN9",500,579375,500,9,"novel",NA
"DIN1",500,579875,500,1,"stand",NA
"DIN6",500,580375,500,6,"loc1","1 = left?"
"DIN1",501,580876,501,1,"stand",NA
"DIN5",500,581376,500,5,"dur",NA
"DIN1",500,581876,500,1,"stand",NA
"DIN9",500,582376,500,9,"novel",NA
"DIN1",500,582876,500,1,"stand",NA
"DIN4",500,583376,500,4,"int",NA
"DIN1",500,583876,500,1,"stand",NA
"DIN3",500,584376,500,3,"freq2","2 = down?"
"DIN1",500,584876,500,1,"stand",NA
"DIN5",500,585376,500,5,"dur",NA
"DIN1",500,585876,500,1,"stand",NA
"DIN4",500,586376,500,4,"int",NA
"DIN1",500,586876,500,1,"stand",NA
"DIN5",500,587376,500,5,"dur",NA
"DIN1",500,587876,500,1,"stand",NA
"DIN2",500,588376,500,2,"freq1","1 = up?"
"DIN1",500,588876,500,1,"stand",NA
"DIN8",500,589376,500,8,"gap",NA
"DIN1",500,589876,500,1,"stand",NA
"DIN3",500,590376,500,3,"freq2","2 = down?"
"DIN1",500,590876,500,1,"stand",NA
"DIN5",500,591376,500,5,"dur",NA
"DIN1",500,591876,500,1,"stand",NA
"DIN7",500,592376,500,7,"loc2","2 = right?"
"DIN1",500,592876,500,1,"stand",NA
"DIN8",500,593376,500,8,"gap",NA
"DIN1",500,593876,500,1,"stand",NA
"DIN9",500,594376,500,9,"novel",NA
"DIN1",500,594876,500,1,"stand",NA
"DIN4",500,595376,500,4,"int",NA
"DIN1",500,595876,500,1,"stand",NA
"DIN8",501,596377,501,8,"gap",NA
"DIN1",500,596877,500,1,"stand",NA
"DIN6",500,597377,500,6,"loc1","1 = left?"
"DIN1",500,597877,500,1,"stand",NA
"DIN9",500,598377,500,9,"novel",NA
"DIN1",500,598877,500,1,"stand",NA
"DIN4",500,599377,500,4,"int",NA
"DIN1",500,599877,500,1,"stand",NA
"DIN8",500,600377,500,8,"gap",NA
"DIN1",500,600877,500,1,"stand",NA
"DIN3",500,601377,500,3,"freq2","2 = down?"
